type,client,tx,amount
deposit,1,0,75837.5958
deposit,13,1,23518.5649
withdrawal,0,2,33084.2367
withdrawal,8,3,6804.0096
deposit,15,4,85052.9407
deposit,7,5,75639.9128
deposit,3,6,97100.9005
deposit,13,7,24580.5706
deposit,15,8,58519.9335
withdrawal,10,9,54539.9070
deposit,6,10,52335.9707
deposit,15,11,7577.2433
withdrawal,10,12,40892.3075
deposit,10,13,91231.2140
deposit,2,14,61498.4005
withdrawal,12,15,73857.5514
deposit,0,16,4242.2879
deposit,13,17,12997.5774
withdrawal,5,18,19551.0753
deposit,13,19,5526.7788
deposit,14,20,82134.4974
withdrawal,4,21,75281.0410
deposit,14,22,19001.1596
deposit,11,23,7496.7956
withdrawal,8,24,98877.5625
withdrawal,14,25,69622.1144
deposit,2,26,62601.4742
withdrawal,14,27,69261.5504
withdrawal,11,28,2779.2524
deposit,1,29,717.3391
withdrawal,14,30,54767.0913
withdrawal,4,31,44197.0132
withdrawal,6,32,34201.6349
deposit,1,33,62408.9009
deposit,3,34,17283.0543
withdrawal,11,35,74122.3827
deposit,14,36,51421.4936
withdrawal,7,37,20.3114
deposit,12,38,22222.2397
withdrawal,7,39,72975.4760
deposit,14,40,93745.4671
withdrawal,11,41,94846.4719
withdrawal,8,42,12416.0295
withdrawal,14,43,12733.9441
withdrawal,2,44,87661.6347
withdrawal,12,45,91641.5375
deposit,3,46,70722.6590
withdrawal,11,47,13378.6604
deposit,4,48,90644.4989
deposit,6,49,45280.7666
deposit,10,50,46841.5856
withdrawal,7,51,15257.3905
deposit,13,52,46766.6093
withdrawal,0,53,35140.7017
deposit,1,54,16459.1364
deposit,15,55,34353.0270
withdrawal,14,56,45856.6929
withdrawal,1,57,93856.4185
withdrawal,9,58,22413.6214
deposit,9,59,37240.3814
deposit,11,60,87721.4390
deposit,2,61,88182.3150
deposit,12,62,2087.5019
deposit,15,63,56781.9566
deposit,11,64,93320.1958
withdrawal,13,65,93636.3684
withdrawal,8,66,14778.6480
withdrawal,4,67,844.7953
deposit,4,68,1318.2859
withdrawal,6,69,85803.7985
deposit,1,70,22777.2984
withdrawal,8,71,72056.6247
withdrawal,0,72,13821.3537
deposit,5,73,12066.8533
withdrawal,8,74,99641.0120
deposit,14,75,37329.2841
withdrawal,10,76,69406.6165
withdrawal,13,77,57221.7740
deposit,13,78,55984.0266
deposit,3,79,38048.4648
withdrawal,4,80,44238.6242
deposit,0,81,60249.4532
deposit,3,82,46150.0736
withdrawal,11,83,3100.9317
deposit,12,84,50552.1331
deposit,12,85,25694.1478
withdrawal,8,86,23732.7215
withdrawal,6,87,43854.1397
withdrawal,7,88,9837.5672
withdrawal,1,89,51598.9197
withdrawal,15,90,16511.5293
withdrawal,9,91,25868.9832
withdrawal,14,92,15901.8086
withdrawal,2,93,9708.1397
deposit,12,94,23293.3911
withdrawal,4,95,62675.2077
deposit,10,96,28803.8236
withdrawal,7,97,39290.7553
deposit,14,98,66614.5931
withdrawal,3,99,78844.9720
withdrawal,9,100,89764.0563
withdrawal,5,101,79975.5865
deposit,1,102,28674.0344
deposit,15,103,98089.0451
withdrawal,14,104,93338.6376
deposit,13,105,26685.5936
deposit,2,106,21409.6695
withdrawal,8,107,29111.0381
deposit,11,108,79514.6323
withdrawal,5,109,70052.8687
deposit,7,110,6884.4339
withdrawal,13,111,38498.5235
deposit,15,112,40652.9446
deposit,6,113,90246.4604
withdrawal,11,114,41707.9084
deposit,7,115,42720.8137
withdrawal,10,116,31906.1270
deposit,5,117,68881.4698
deposit,14,118,79534.4891
withdrawal,2,119,61468.1586
withdrawal,15,120,4476.4314
deposit,13,121,65467.1234
deposit,0,122,14860.5430
deposit,7,123,23007.9678
deposit,7,124,78406.5229
withdrawal,10,125,75111.7639
deposit,12,126,3364.4238
withdrawal,15,127,5909.7554
withdrawal,11,128,35238.1544
deposit,15,129,11780.7567
withdrawal,8,130,47688.0698
deposit,0,131,35795.2100
withdrawal,13,132,64002.5750
dispute,3,36,
withdrawal,14,134,45159.8183
deposit,12,135,27510.8759
deposit,1,136,22256.7191
withdrawal,15,137,742.3805
withdrawal,8,138,28887.9194
deposit,3,139,96962.7827
withdrawal,3,140,50548.6498
withdrawal,9,141,61528.8871
deposit,14,142,39719.6994
deposit,2,143,28112.7187
deposit,6,144,70613.3681
deposit,6,145,91374.3036
withdrawal,13,146,39288.2387
deposit,14,147,55979.3505
withdrawal,13,148,71938.0908
deposit,14,149,46180.8448
deposit,1,150,73776.1983
deposit,4,151,64337.1681
deposit,14,152,69456.4377
deposit,9,153,95581.5039
withdrawal,3,154,81539.1638
deposit,9,155,66071.0009
withdrawal,7,156,27963.2149
deposit,1,157,76286.7570
withdrawal,13,158,14897.8838
withdrawal,14,159,30926.2555
withdrawal,10,160,58793.1328
deposit,3,161,18691.3588
withdrawal,4,162,37749.7222
withdrawal,14,163,4870.5911
deposit,12,164,19702.7639
withdrawal,11,165,2450.8379
dispute,10,135,
withdrawal,0,167,83266.5372
withdrawal,9,168,7173.5393
withdrawal,15,169,74181.7048
withdrawal,3,170,99788.4700
deposit,11,171,14520.8886
deposit,0,172,90733.7735
deposit,6,173,41474.2373
withdrawal,3,174,66904.7877
deposit,9,175,6522.1749
deposit,2,176,81506.8781
withdrawal,4,177,25814.0619
withdrawal,0,178,75095.8508
withdrawal,11,179,86271.0315
deposit,11,180,96902.7885
withdrawal,14,181,8711.0290
withdrawal,5,182,4563.0584
withdrawal,15,183,71059.7634
deposit,2,184,96365.7504
deposit,3,185,3943.5586
deposit,11,186,61255.7030
deposit,10,187,31491.7500
deposit,15,188,98533.4670
deposit,7,189,18899.9492
deposit,13,190,83685.7185
withdrawal,14,191,10777.8557
withdrawal,4,192,78937.1685
deposit,2,193,92787.6059
deposit,9,194,78814.5683
deposit,6,195,40182.2843
withdrawal,3,196,74099.8259
withdrawal,4,197,83650.9853
deposit,5,198,18616.6162
deposit,8,199,20214.3348
withdrawal,14,200,48439.0801
deposit,15,201,31311.4620
withdrawal,2,202,78336.0936
withdrawal,8,203,40775.4573
deposit,1,204,70454.5053
deposit,6,205,51353.9109
withdrawal,15,206,45925.7670
withdrawal,0,207,66087.7583
deposit,9,208,34329.1054
deposit,8,209,25235.7570
withdrawal,10,210,1856.5321
deposit,0,211,49022.1054
deposit,5,212,36113.1046
deposit,6,213,28571.2331
deposit,11,214,3109.2781
deposit,6,215,73880.9795
deposit,4,216,2786.3345
deposit,10,217,58656.8576
deposit,0,218,50430.1889
withdrawal,3,219,4253.8449
deposit,13,220,64538.8980
deposit,6,221,1405.1285
deposit,4,222,77394.7625
deposit,6,223,7385.9297
withdrawal,9,224,51949.2261
withdrawal,11,225,34838.5651
withdrawal,9,226,73999.6452
withdrawal,9,227,22667.5269
withdrawal,12,228,45867.4937
deposit,8,229,30145.7719
deposit,4,230,53800.8346
deposit,13,231,98908.7274
deposit,7,232,27714.7708
withdrawal,2,233,92930.5770
dispute,2,153,
chargeback,2,153,
deposit,15,236,31642.4464
withdrawal,12,237,8796.9756
deposit,4,238,63686.5422
withdrawal,8,239,72533.1244
withdrawal,14,240,28541.9233
withdrawal,2,241,32604.0395
withdrawal,8,242,73770.5629
deposit,3,243,52870.6907
withdrawal,7,244,79077.4527
withdrawal,14,245,7544.5490
withdrawal,6,246,27207.4853
deposit,14,247,64164.1006
deposit,15,248,73425.2069
withdrawal,4,249,11852.5497
withdrawal,8,250,1338.1501
withdrawal,5,251,39986.4126
deposit,1,252,69227.4516
withdrawal,8,253,76177.9129
deposit,7,254,59513.4155
deposit,8,255,39974.6783
withdrawal,9,256,97394.0739
withdrawal,14,257,26146.7339
withdrawal,13,258,73015.4259
withdrawal,11,259,12037.7037
deposit,4,260,8418.6520
withdrawal,3,261,11437.0653
withdrawal,13,262,70163.0192
withdrawal,7,263,68104.0981
deposit,7,264,35858.7185
deposit,14,265,84168.7885
withdrawal,10,266,72121.8481
dispute,1,86,
withdrawal,12,268,73141.7160
deposit,14,269,56658.7905
deposit,4,270,29200.8572
withdrawal,3,271,37749.4613
withdrawal,9,272,24376.4335
withdrawal,12,273,21089.4492
deposit,6,274,22488.5448
deposit,14,275,91262.9690
deposit,9,276,26839.9592
deposit,6,277,82327.5785
withdrawal,4,278,3944.4504
deposit,4,279,6716.0439
deposit,1,280,35990.2044
deposit,0,281,34825.1593
deposit,6,282,27669.7952
withdrawal,10,283,95900.1980
deposit,3,284,5908.0394
withdrawal,11,285,84276.5435
withdrawal,12,286,2554.1380
withdrawal,15,287,95789.3324
deposit,4,288,41464.8253
withdrawal,13,289,42946.3080
deposit,9,290,33193.0623
deposit,12,291,24383.3260
withdrawal,3,292,56404.7704
deposit,4,293,23767.6789
withdrawal,13,294,94332.9498
withdrawal,15,295,17256.4694
deposit,15,296,3689.2766
withdrawal,15,297,48689.0676
deposit,4,298,5923.6851
withdrawal,10,299,27467.0696
withdrawal,7,300,93834.9939
deposit,9,301,48051.3585
deposit,7,302,52567.9393
withdrawal,11,303,16309.9079
deposit,2,304,7423.4370
withdrawal,9,305,32082.8015
withdrawal,9,306,62623.0659
withdrawal,5,307,56844.7367
deposit,15,308,37588.3465
withdrawal,10,309,41784.9826
deposit,1,310,45945.4617
deposit,9,311,18701.8826
deposit,5,312,85756.0285
deposit,14,313,27282.5398
withdrawal,0,314,42054.1912
withdrawal,8,315,35104.5287
withdrawal,11,316,14930.8876
withdrawal,11,317,29888.3215
deposit,10,318,88222.6890
deposit,2,319,87757.9399
deposit,11,320,60396.9518
deposit,3,321,22345.0807
withdrawal,5,322,31460.3057
deposit,7,323,93921.9480
withdrawal,5,324,60287.4049
deposit,0,325,29759.8699
withdrawal,1,326,97419.3466
deposit,4,327,771.3389
withdrawal,13,328,1639.1410
withdrawal,7,329,11229.2462
withdrawal,3,330,14088.5730
deposit,7,331,25155.2392
deposit,12,332,7549.4220
withdrawal,12,333,1792.8958
withdrawal,0,334,20064.5609
deposit,5,335,26301.6891
withdrawal,5,336,38543.3172
withdrawal,3,337,8058.1392
deposit,12,338,29466.0870
deposit,11,339,60128.8366
deposit,13,340,90565.1733
withdrawal,6,341,68691.9750
deposit,14,342,77574.6388
deposit,8,343,47559.2565
withdrawal,6,344,66147.5013
deposit,1,345,79599.1508
deposit,4,346,37417.6150
deposit,5,347,78727.3243
deposit,15,348,30746.9246
withdrawal,6,349,13290.0413
withdrawal,12,350,86706.3326
withdrawal,2,351,38413.2093
withdrawal,1,352,31808.0890
withdrawal,2,353,68106.1925
deposit,7,354,82027.6438
deposit,5,355,15787.0424
withdrawal,9,356,36400.4880
deposit,11,357,50138.7647
withdrawal,15,358,23043.9435
withdrawal,11,359,25749.0750
deposit,5,360,58847.5253
withdrawal,15,361,44361.0978
withdrawal,5,362,85765.8550
deposit,9,363,56455.0970
withdrawal,6,364,15687.8280
deposit,10,365,37467.4010
withdrawal,3,366,99397.4201
deposit,1,367,39562.0335
withdrawal,11,368,3988.9702
withdrawal,14,369,84938.7836
deposit,15,370,48795.1076
deposit,12,371,61368.8042
deposit,6,372,50718.0988
withdrawal,8,373,85499.4308
withdrawal,6,374,97391.3003
deposit,5,375,16239.3406
deposit,9,376,44162.6532
withdrawal,11,377,18120.3954
deposit,3,378,69167.7450
withdrawal,14,379,67457.9620
withdrawal,15,380,34927.8787
withdrawal,15,381,70767.3232
deposit,14,382,28684.7928
deposit,0,383,84886.8383
deposit,7,384,81558.5644
deposit,7,385,78629.7787
withdrawal,10,386,72713.3321
withdrawal,0,387,40284.0615
withdrawal,8,388,84222.9754
withdrawal,11,389,8487.6880
withdrawal,0,390,27564.5604
withdrawal,10,391,30461.9822
withdrawal,11,392,82700.9797
deposit,2,393,98657.4568
withdrawal,0,394,58963.8719
withdrawal,6,395,59357.9850
deposit,12,396,46278.3817
withdrawal,4,397,1847.9739
deposit,15,398,38350.9544
withdrawal,3,399,66188.0093
withdrawal,9,400,32338.7507
deposit,3,401,47714.8185
withdrawal,5,402,42099.8536
withdrawal,7,403,90850.7164
deposit,11,404,36192.7396
deposit,3,405,6487.5998
deposit,2,406,17222.6373
deposit,12,407,39209.7904
withdrawal,1,408,57008.7435
withdrawal,0,409,62871.0260
deposit,10,410,9866.9716
withdrawal,7,411,96447.3302
deposit,10,412,36167.2656
deposit,1,413,9582.9949
deposit,6,414,84396.4266
withdrawal,12,415,81569.1070
deposit,1,416,23547.3160
withdrawal,7,417,38321.0150
withdrawal,2,418,85941.5064
withdrawal,8,419,23225.0416
withdrawal,3,420,52007.7487
deposit,14,421,34024.0877
deposit,9,422,95944.6752
withdrawal,12,423,15161.0838
withdrawal,5,424,10403.8227
deposit,9,425,80243.2422
withdrawal,14,426,6750.6396
withdrawal,10,427,62867.8558
deposit,2,428,2172.8346
deposit,7,429,36778.8590
deposit,11,430,52549.5532
withdrawal,11,431,9984.4214
withdrawal,0,432,32.4449
deposit,2,433,5419.4206
deposit,10,434,38984.4527
deposit,9,435,60219.7675
deposit,1,436,20774.6762
withdrawal,4,437,71649.9237
deposit,13,438,44125.8149
deposit,7,439,80319.0326
deposit,1,440,49972.6112
withdrawal,13,441,51844.6471
withdrawal,15,442,29030.7769
withdrawal,3,443,61520.8010
withdrawal,8,444,37896.1779
deposit,2,445,56117.7427
deposit,3,446,95805.6951
withdrawal,2,447,90914.5906
withdrawal,2,448,68230.3937
deposit,3,449,70260.0528
deposit,3,450,82000.6891
deposit,8,451,31109.7213
withdrawal,13,452,1897.2189
withdrawal,15,453,25466.6994
withdrawal,15,454,7489.1912
deposit,1,455,38320.6105
withdrawal,15,456,60544.5916
deposit,5,457,25213.6476
withdrawal,2,458,28067.6711
deposit,13,459,98790.2430
withdrawal,10,460,74490.1246
withdrawal,11,461,46676.7592
withdrawal,14,462,69031.2648
deposit,5,463,72260.0616
withdrawal,13,464,61213.5533
deposit,4,465,73266.4609
withdrawal,1,466,50292.0298
deposit,4,467,29397.3743
deposit,14,468,5352.1019
withdrawal,7,469,94345.8010
deposit,9,470,22200.0510
withdrawal,2,471,79522.2425
deposit,11,472,9329.9742
deposit,5,473,49334.3653
deposit,11,474,89531.8422
deposit,14,475,73817.9349
deposit,3,476,99218.2919
withdrawal,3,477,84855.3935
deposit,3,478,83546.4890
withdrawal,3,479,33759.6165
withdrawal,12,480,50752.8392
withdrawal,0,481,1021.6854
deposit,8,482,68535.4857
deposit,13,483,82524.0876
withdrawal,4,484,6911.4731
withdrawal,8,485,64371.7206
withdrawal,6,486,70810.4822
deposit,1,487,10730.9535
withdrawal,9,488,17401.0446
withdrawal,8,489,92209.6335
withdrawal,9,490,42836.1662
withdrawal,3,491,1270.4266
withdrawal,13,492,59481.4439
deposit,9,493,30095.4427
deposit,3,494,91165.2077
withdrawal,4,495,71199.0008
deposit,15,496,94506.4967
withdrawal,5,497,48061.5544
deposit,12,498,96537.8186
deposit,2,499,59449.8573
withdrawal,14,500,44552.5895
deposit,11,501,17654.6618
withdrawal,3,502,69101.6080
deposit,13,503,56289.2271
deposit,14,504,82071.9524
withdrawal,15,505,6727.1303
withdrawal,14,506,22290.9897
deposit,5,507,93634.3795
deposit,15,508,93903.3026
deposit,8,509,22213.8583
withdrawal,1,510,17568.2727
deposit,1,511,17788.0176
deposit,9,512,66645.2472
deposit,5,513,69199.8232
deposit,13,514,20645.4236
withdrawal,14,515,17145.4216
withdrawal,8,516,87316.1381
deposit,5,517,440.9005
dispute,13,43,
deposit,5,519,11390.0966
withdrawal,11,520,37899.4453
deposit,10,521,75290.0311
deposit,1,522,61208.9906
withdrawal,14,523,15762.0027
deposit,2,524,48713.7877
deposit,8,525,82001.4845
deposit,2,526,56088.7710
deposit,1,527,49934.4831
deposit,1,528,32705.4330
withdrawal,0,529,48379.7616
deposit,11,530,12991.1073
deposit,14,531,4813.3617
withdrawal,11,532,87239.5673
deposit,2,533,12425.2527
withdrawal,1,534,20562.9438
withdrawal,14,535,12230.1751
withdrawal,4,536,1814.7041
withdrawal,1,537,23996.1271
deposit,9,538,51608.1760
deposit,7,539,11739.8743
withdrawal,10,540,25451.6470
withdrawal,3,541,13939.0734
withdrawal,4,542,44876.1165
withdrawal,10,543,74126.4424
deposit,0,544,62818.8741
withdrawal,6,545,98882.8103
deposit,7,546,77547.6618
deposit,2,547,11496.1903
deposit,13,548,65156.6651
withdrawal,6,549,83555.0742
deposit,13,550,20695.6886
deposit,0,551,13936.8953
withdrawal,4,552,56837.5247
deposit,2,553,17578.2541
withdrawal,2,554,6255.4321
withdrawal,14,555,67941.1991
deposit,9,556,79402.5378
withdrawal,0,557,62100.3575
withdrawal,3,558,81025.1287
deposit,14,559,70947.2860
deposit,2,560,21959.3334
deposit,5,561,11385.5552
deposit,14,562,55837.2092
deposit,4,563,89462.1389
withdrawal,5,564,57341.1944
deposit,0,565,6423.3931
deposit,15,566,38134.6790
withdrawal,8,567,19673.3589
withdrawal,15,568,69697.8688
deposit,12,569,73777.3216
withdrawal,0,570,25658.5517
deposit,7,571,10276.6975
withdrawal,9,572,32275.9967
withdrawal,9,573,85140.8670
deposit,12,574,86019.2054
deposit,12,575,23340.8687
withdrawal,10,576,76567.5190
deposit,5,577,15043.3471
withdrawal,6,578,80228.7007
deposit,13,579,75432.2499
withdrawal,11,580,75221.4606
deposit,7,581,17249.8622
deposit,0,582,45024.3868
deposit,15,583,61849.6296
withdrawal,7,584,5551.0978
deposit,13,585,35303.8901
deposit,1,586,8733.6676
deposit,7,587,75780.9463
withdrawal,3,588,17458.5996
withdrawal,6,589,41703.5665
deposit,7,590,29356.1584
deposit,15,591,81445.7538
withdrawal,15,592,19424.1889
withdrawal,7,593,40234.0396
withdrawal,3,594,80882.1146
withdrawal,15,595,89820.7918
deposit,9,596,49017.9504
withdrawal,11,597,22467.3310
deposit,7,598,62635.3964
withdrawal,4,599,614.9882
withdrawal,7,600,82545.9106
withdrawal,10,601,12226.3545
deposit,4,602,64056.9174
deposit,1,603,27603.0506
deposit,11,604,7087.7763
withdrawal,4,605,58498.1125
deposit,0,606,75975.9226
deposit,13,607,22618.5511
withdrawal,7,608,94968.9442
deposit,8,609,86500.9024
withdrawal,7,610,33207.3032
withdrawal,5,611,26406.1960
withdrawal,13,612,9707.7391
deposit,6,613,68156.3241
deposit,12,614,34686.6137
deposit,8,615,17148.5601
deposit,15,616,24267.7477
deposit,10,617,85547.0215
deposit,12,618,56579.0757
deposit,1,619,84971.6729
withdrawal,5,620,25012.3354
deposit,0,621,12381.8742
deposit,11,622,6022.1719
deposit,5,623,16404.2737
deposit,1,624,71905.8642
withdrawal,6,625,80409.2362
deposit,5,626,60249.7231
deposit,7,627,10119.7024
withdrawal,9,628,12653.9331
deposit,1,629,29374.6541
deposit,4,630,1834.6140
withdrawal,14,631,7680.0230
withdrawal,10,632,8525.8252
deposit,6,633,84440.1981
withdrawal,8,634,44318.2431
withdrawal,11,635,67444.8262
withdrawal,0,636,35048.8009
withdrawal,14,637,22173.4914
deposit,15,638,91700.7202
deposit,12,639,1747.7118
withdrawal,11,640,41641.9367
deposit,2,641,53214.1798
withdrawal,5,642,95710.2725
withdrawal,7,643,23802.6209
withdrawal,0,644,87874.4601
deposit,7,645,21623.2919
deposit,4,646,13656.3256
deposit,3,647,59989.4449
deposit,0,648,26598.4110
deposit,9,649,70107.1570
withdrawal,10,650,71485.0518
withdrawal,0,651,42787.5012
withdrawal,3,652,91164.7915
withdrawal,1,653,80955.7739
deposit,3,654,85129.1127
deposit,2,655,18458.8718
withdrawal,6,656,59289.5271
withdrawal,15,657,84434.8600
deposit,9,658,23498.8257
withdrawal,8,659,51178.6431
withdrawal,1,660,52391.5436
withdrawal,5,661,65580.2126
deposit,11,662,79805.0397
deposit,14,663,25537.9047
withdrawal,2,664,15523.6522
withdrawal,7,665,69609.9975
withdrawal,14,666,41990.8553
withdrawal,4,667,46180.9508
deposit,10,668,84007.7321
deposit,6,669,38188.9562
withdrawal,9,670,84885.0322
deposit,11,671,8084.8942
deposit,8,672,69919.3520
withdrawal,1,673,25788.7681
withdrawal,11,674,3990.9087
withdrawal,3,675,74757.2807
deposit,0,676,67084.5385
deposit,6,677,95419.3068
deposit,3,678,6010.0613
withdrawal,1,679,25883.4848
withdrawal,4,680,47434.0579
withdrawal,8,681,89626.4469
deposit,9,682,75458.3126
deposit,13,683,18904.3488
deposit,7,684,25330.2572
withdrawal,3,685,91002.5324
withdrawal,10,686,83956.3430
deposit,6,687,34244.0816
deposit,14,688,29337.5924
withdrawal,7,689,6059.7314
deposit,11,690,3535.6030
withdrawal,5,691,35613.4035
withdrawal,13,692,50418.3251
deposit,2,693,31891.2008
deposit,0,694,31940.8375
deposit,2,695,86283.7032
deposit,14,696,12916.2304
deposit,3,697,47299.7588
deposit,0,698,25942.5917
withdrawal,13,699,84619.6939
withdrawal,0,700,15561.4458
deposit,14,701,33962.7417
withdrawal,13,702,27247.6540
withdrawal,2,703,64440.0450
withdrawal,2,704,33744.0408
deposit,5,705,20175.2137
deposit,11,706,92255.0938
deposit,0,707,30875.5861
deposit,6,708,25660.1898
deposit,5,709,35424.4818
deposit,9,710,16605.7860
withdrawal,2,711,27323.3461
withdrawal,9,712,48356.7328
withdrawal,7,713,97624.8488
deposit,11,714,85240.5787
withdrawal,3,715,35097.5573
deposit,10,716,34336.8822
withdrawal,4,717,35229.8090
withdrawal,13,718,37234.7276
deposit,10,719,743.4627
withdrawal,0,720,21517.7295
withdrawal,15,721,58696.3822
withdrawal,8,722,51400.6401
deposit,7,723,44513.6911
deposit,0,724,27907.1428
deposit,3,725,71651.3596
deposit,10,726,59405.9720
deposit,6,727,8959.5130
deposit,12,728,14165.7397
withdrawal,5,729,36575.4055
deposit,8,730,73667.1329
withdrawal,7,731,30735.4635
withdrawal,0,732,420.3577
withdrawal,9,733,37239.5458
deposit,3,734,17761.4916
deposit,2,735,90083.8535
deposit,10,736,21910.4738
deposit,5,737,99755.7149
withdrawal,3,738,73848.8978
withdrawal,4,739,20960.9407
deposit,15,740,38720.8497
deposit,8,741,4963.7061
withdrawal,9,742,32213.1037
deposit,3,743,18169.8515
deposit,10,744,73087.1916
withdrawal,10,745,44903.9377
withdrawal,2,746,33992.7315
withdrawal,15,747,50063.9309
deposit,9,748,30562.7642
withdrawal,11,749,32053.6053
withdrawal,10,750,72654.3432
withdrawal,15,751,40663.7492
deposit,4,752,68280.1151
withdrawal,11,753,81761.4407
withdrawal,2,754,94114.7225
deposit,5,755,62040.6838
withdrawal,3,756,78081.8481
deposit,9,757,51432.0554
deposit,8,758,57089.7844
deposit,13,759,70333.0364
withdrawal,11,760,29035.6394
withdrawal,10,761,58292.1837
withdrawal,7,762,77169.1240
withdrawal,14,763,72796.4456
deposit,12,764,70071.4250
deposit,4,765,21301.1427
withdrawal,0,766,1263.4238
deposit,9,767,67531.2093
withdrawal,7,768,90390.2173
deposit,14,769,41349.2790
withdrawal,6,770,23277.2681
withdrawal,13,771,11150.0995
deposit,5,772,49981.1902
deposit,2,773,54.2147
deposit,6,774,87227.8556
deposit,6,775,51115.7479
deposit,4,776,59965.3801
deposit,12,777,26842.0508
withdrawal,3,778,24029.3586
deposit,2,779,34410.0274
deposit,1,780,92532.8729
deposit,7,781,94386.6559
deposit,15,782,7819.8645
deposit,9,783,28303.8617
deposit,9,784,12033.5275
deposit,3,785,76286.9439
withdrawal,14,786,68824.2382
deposit,8,787,28793.8184
withdrawal,15,788,44353.6948
withdrawal,12,789,64627.1077
withdrawal,10,790,4333.6622
deposit,8,791,7987.9484
withdrawal,7,792,56630.9876
deposit,2,793,31409.4261
withdrawal,3,794,71873.7605
deposit,0,795,5368.1856
withdrawal,0,796,10250.7448
deposit,7,797,941.9304
deposit,6,798,46222.3365
withdrawal,7,799,60138.8953
withdrawal,0,800,40069.8547
deposit,3,801,28578.8742
withdrawal,15,802,63967.2560
deposit,5,803,59682.4658
deposit,0,804,70310.4021
deposit,12,805,39302.4865
deposit,7,806,3617.6930
deposit,11,807,17387.7801
withdrawal,15,808,78635.1021
deposit,0,809,20055.3971
deposit,15,810,68950.6448
deposit,6,811,67063.5796
deposit,12,812,42990.9391
deposit,8,813,71420.0220
deposit,0,814,54024.9511
withdrawal,8,815,22693.2023
withdrawal,9,816,16851.2869
withdrawal,11,817,38810.0372
deposit,9,818,43444.4901
withdrawal,0,819,38783.7987
withdrawal,7,820,9537.9483
deposit,3,821,25610.8970
withdrawal,10,822,93348.0147
withdrawal,12,823,88917.7758
withdrawal,0,824,24566.0324
withdrawal,12,825,26257.8524
withdrawal,9,826,42295.9926
deposit,8,827,44473.6871
withdrawal,11,828,77253.7635
withdrawal,9,829,28569.1114
deposit,4,830,76350.4521
withdrawal,15,831,56009.5738
deposit,9,832,26808.4446
withdrawal,10,833,43662.2315
deposit,1,834,37368.8451
deposit,7,835,22830.8700
withdrawal,12,836,37900.5663
deposit,1,837,41670.1388
deposit,13,838,31500.2965
deposit,15,839,14324.9898
deposit,4,840,45407.4239
deposit,4,841,81586.6886
deposit,1,842,45974.0801
deposit,4,843,27093.8188
deposit,7,844,80956.2910
deposit,3,845,71184.3609
deposit,6,846,90298.0194
withdrawal,2,847,23347.8534
withdrawal,10,848,34398.4442
withdrawal,0,849,75157.1356
withdrawal,2,850,58105.7864
deposit,13,851,22876.9236
withdrawal,0,852,87826.3348
deposit,9,853,68803.1755
deposit,15,854,6639.2284
withdrawal,5,855,77659.3269
deposit,5,856,22932.5339
deposit,7,857,72587.6540
withdrawal,8,858,29722.7421
deposit,8,859,84408.8352
resolve,13,333,
deposit,13,862,76026.5194
deposit,15,863,85625.9506
deposit,11,864,10850.1205
deposit,1,865,37641.7906
withdrawal,10,866,1659.8727
deposit,12,867,66963.0460
deposit,3,868,90571.6365
withdrawal,6,869,42035.4785
deposit,0,870,80287.7184
deposit,4,871,29970.0395
deposit,14,872,66007.6235
deposit,9,873,84524.2287
deposit,4,874,21695.2876
deposit,12,875,30078.7923
withdrawal,6,876,28436.5495
deposit,10,877,25344.0616
withdrawal,14,878,95394.6328
withdrawal,5,879,31558.7406
withdrawal,13,880,93856.7478
dispute,4,473,
withdrawal,9,882,99874.5759
withdrawal,7,883,90430.1491
withdrawal,2,884,53461.3159
deposit,11,885,23925.1633
withdrawal,6,886,70220.2563
deposit,11,887,34835.0185
deposit,11,888,1079.8723
deposit,13,889,79373.5367
withdrawal,15,890,82317.1345
withdrawal,15,891,73933.7780
deposit,7,892,77719.3008
deposit,4,893,8062.9644
deposit,5,894,25021.3912
deposit,2,895,83441.0098
deposit,14,896,63564.1830
withdrawal,5,897,58556.7711
withdrawal,7,898,83407.1798
withdrawal,8,899,7309.4378
deposit,8,900,73420.7557
withdrawal,4,901,42866.8590
withdrawal,9,902,7298.2675
withdrawal,12,903,16368.6362
deposit,2,904,39651.7404
deposit,8,905,27045.6600
deposit,8,906,41421.8683
withdrawal,2,907,75313.9758
withdrawal,5,908,39948.1932
withdrawal,15,909,60778.1366
withdrawal,7,910,23572.7930
withdrawal,2,911,19336.8814
withdrawal,11,912,62008.9589
withdrawal,9,913,40901.7124
deposit,11,914,70854.3814
withdrawal,12,915,52997.5606
withdrawal,14,916,80341.1322
deposit,3,917,22540.8330
deposit,0,918,525.4979
withdrawal,0,919,59838.1145
withdrawal,12,920,82066.8538
deposit,4,921,87435.7515
withdrawal,6,922,23695.7791
resolve,3,501,
withdrawal,1,925,85647.0233
withdrawal,14,926,16426.4987
withdrawal,3,927,60860.4225
deposit,12,928,49491.0565
deposit,13,929,59090.7039
deposit,1,930,98852.0127
withdrawal,14,931,95643.1410
deposit,10,932,1820.0178
deposit,10,933,28330.7597
withdrawal,7,934,88684.7731
withdrawal,9,935,64654.2663
withdrawal,8,936,7.6547
deposit,10,937,61415.7811
withdrawal,11,938,86916.6967
withdrawal,7,939,59300.5312
deposit,11,940,80858.1620
withdrawal,2,941,72039.6604
withdrawal,8,942,89859.0399
withdrawal,5,943,7073.3167
deposit,2,944,93795.7268
deposit,0,945,19698.5443
deposit,3,946,40328.1321
deposit,4,947,97039.0378
withdrawal,13,948,34978.7296
withdrawal,12,949,14206.5302
deposit,11,950,99399.6009
deposit,14,951,93999.1777
withdrawal,13,952,38191.5692
withdrawal,13,953,4212.8284
deposit,15,954,99032.8803
withdrawal,10,955,65440.0220
withdrawal,11,956,13366.4173
withdrawal,6,957,94373.1950
deposit,13,958,6159.9468
withdrawal,13,959,68484.3798
withdrawal,12,960,74348.2491
withdrawal,7,961,26163.3479
deposit,12,962,81813.0008
deposit,5,963,36095.0315
withdrawal,15,964,35771.2859
withdrawal,10,965,30877.4103
withdrawal,5,966,35618.8601
deposit,4,967,24587.1964
withdrawal,5,968,40363.2567
deposit,9,969,88622.6317
deposit,1,970,13876.9255
deposit,7,971,37003.9990
deposit,4,972,13455.3012
withdrawal,1,973,26860.6929
withdrawal,6,974,73333.5386
withdrawal,3,975,16069.3997
withdrawal,11,976,81834.7626
withdrawal,3,977,7149.2908
deposit,5,978,25024.5629
withdrawal,9,979,243.3391
deposit,1,980,7174.5768
deposit,8,981,5783.3969
withdrawal,12,982,74145.6312
deposit,13,983,10973.8512
deposit,2,984,32866.8580
withdrawal,9,985,74469.9645
withdrawal,8,986,1281.8127
withdrawal,3,987,92377.3586
withdrawal,2,988,13445.8904
withdrawal,12,989,21296.6510
withdrawal,8,990,40534.4615
deposit,3,991,32580.8766
deposit,15,992,12281.1484
withdrawal,5,993,26589.2734
withdrawal,14,994,39946.1855
deposit,2,995,4373.0335
withdrawal,6,996,6414.0670
withdrawal,4,997,11379.8219
withdrawal,8,998,58800.2492
withdrawal,7,999,30599.2096
dispute,15,577,
withdrawal,8,1001,60596.5227
deposit,1,1002,17150.3454
withdrawal,4,1003,61536.0003
deposit,2,1004,92988.0549
deposit,9,1005,14959.0896
withdrawal,6,1006,68828.9807
withdrawal,5,1007,74939.6507
withdrawal,6,1008,63044.7936
deposit,10,1009,45544.9714
withdrawal,9,1010,55471.3359
deposit,3,1011,2600.4291
withdrawal,3,1012,49448.5720
withdrawal,12,1013,82873.4995
deposit,15,1014,87415.2684
deposit,6,1015,82945.1423
withdrawal,1,1016,80354.8253
deposit,15,1017,19880.4242
deposit,5,1018,7863.2435
deposit,5,1019,90108.9132
deposit,13,1020,78641.5353
withdrawal,10,1021,85284.5301
withdrawal,1,1022,13700.8586
deposit,6,1023,85139.0885
deposit,13,1024,73034.9163
deposit,9,1025,99420.8978
withdrawal,7,1026,68459.6134
deposit,14,1027,77526.5092
withdrawal,10,1028,84241.1196
withdrawal,13,1029,72943.8952
withdrawal,6,1030,30914.6863
withdrawal,10,1031,71817.7315
withdrawal,13,1032,35603.4742
deposit,1,1033,28492.4786
deposit,11,1034,67808.6318
withdrawal,7,1035,31397.4394
withdrawal,6,1036,16469.3123
deposit,5,1037,3247.7103
deposit,6,1038,85758.7688
withdrawal,2,1039,60954.1350
withdrawal,1,1040,26471.1557
deposit,2,1041,25130.6637
withdrawal,6,1042,93287.0917
withdrawal,12,1043,54146.7592
deposit,13,1044,16151.8730
deposit,9,1045,94161.2966
deposit,2,1046,93912.7633
deposit,9,1047,23534.5528
withdrawal,13,1048,76941.0794
deposit,8,1049,76336.9314
deposit,5,1050,505.1310
withdrawal,10,1051,54250.7241
deposit,1,1052,39787.1732
withdrawal,6,1053,92001.8249
deposit,11,1054,20254.0397
withdrawal,0,1055,54991.8947
deposit,2,1056,29976.3451
deposit,2,1057,8086.2476
withdrawal,11,1058,8582.4661
deposit,8,1059,3211.5893
deposit,15,1060,25826.1849
withdrawal,6,1061,64503.1883
deposit,5,1062,1830.4990
deposit,14,1063,70699.0784
deposit,14,1064,28736.4029
deposit,9,1065,75096.9383
deposit,4,1066,47578.8866
withdrawal,10,1067,33950.8516
withdrawal,13,1068,25699.8422
deposit,9,1069,71841.8987
withdrawal,1,1070,26653.5859
withdrawal,4,1071,64848.1615
deposit,9,1072,90105.2397
deposit,10,1073,15506.5967
withdrawal,6,1074,18615.7992
withdrawal,11,1075,67436.5556
withdrawal,2,1076,4231.3590
deposit,7,1077,31363.4368
deposit,4,1078,79896.0040
withdrawal,7,1079,85453.4793
withdrawal,9,1080,11200.2796
withdrawal,6,1081,65832.1146
deposit,1,1082,75165.3086
withdrawal,9,1083,33152.0479
deposit,7,1084,83666.6603
withdrawal,13,1085,79798.6923
deposit,5,1086,28084.4688
withdrawal,11,1087,8151.6378
deposit,8,1088,77189.8044
withdrawal,12,1089,48073.4816
deposit,5,1090,19764.8726
deposit,14,1091,12741.1646
withdrawal,13,1092,54476.8108
withdrawal,4,1093,68627.9891
withdrawal,3,1094,25538.5014
deposit,4,1095,44029.7605
dispute,5,74,
deposit,12,1097,10202.7190
withdrawal,9,1098,13176.9311
deposit,10,1099,6942.8736
withdrawal,4,1100,1107.1466
resolve,12,498,
withdrawal,15,1103,86895.0921
withdrawal,2,1104,4444.1647
deposit,10,1105,83998.2898
withdrawal,6,1106,67797.1029
withdrawal,11,1107,61279.9681
withdrawal,6,1108,32832.6761
withdrawal,10,1109,67851.1824
withdrawal,10,1110,25761.9803
withdrawal,15,1111,59812.5299
deposit,3,1112,32837.5063
withdrawal,15,1113,85850.1176
deposit,15,1114,40423.8615
deposit,12,1115,78237.5608
deposit,4,1116,33944.5568
deposit,3,1117,19319.3225
deposit,15,1118,69337.5621
deposit,9,1119,32222.3213
withdrawal,7,1120,45338.7030
withdrawal,5,1121,54664.9253
withdrawal,11,1122,76876.3968
deposit,14,1123,95693.0919
deposit,2,1124,7445.2270
deposit,13,1125,26195.2459
dispute,12,990,
deposit,10,1127,88803.9981
withdrawal,6,1128,53436.0414
withdrawal,1,1129,11383.2030
deposit,6,1130,70150.1410
deposit,8,1131,57061.9985
withdrawal,13,1132,36405.8819
deposit,0,1133,66944.9023
deposit,3,1134,1281.0709
deposit,2,1135,15893.5315
withdrawal,15,1136,46853.6832
deposit,13,1137,8187.5752
deposit,7,1138,45917.1456
deposit,13,1139,83354.3281
withdrawal,10,1140,75843.0481
withdrawal,0,1141,24088.6018
deposit,12,1142,86605.2770
deposit,12,1143,20158.4061
withdrawal,6,1144,61677.3419
withdrawal,1,1145,36921.4952
withdrawal,10,1146,98389.8223
deposit,4,1147,13339.1597
withdrawal,9,1148,97036.2643
withdrawal,1,1149,20998.1105
deposit,4,1150,20396.5717
deposit,12,1151,86932.5261
deposit,7,1152,96001.9088
withdrawal,12,1153,46461.3168
withdrawal,15,1154,14194.0033
deposit,6,1155,56454.9156
withdrawal,2,1156,23051.2251
deposit,4,1157,70144.4993
withdrawal,3,1158,76888.6214
deposit,9,1159,69301.5180
withdrawal,13,1160,29809.7257
deposit,1,1161,77928.0720
deposit,5,1162,28677.1233
deposit,2,1163,42146.9053
withdrawal,4,1164,32008.0313
deposit,15,1165,96915.1065
withdrawal,0,1166,85901.5043
withdrawal,7,1167,7195.8459
deposit,15,1168,75968.1818
withdrawal,8,1169,72175.2982
deposit,6,1170,15764.2848
deposit,14,1171,35874.2278
withdrawal,14,1172,8418.7375
withdrawal,2,1173,43640.2289
deposit,12,1174,86030.9368
withdrawal,8,1175,99891.7875
withdrawal,3,1176,11023.6953
deposit,14,1177,83855.8368
withdrawal,9,1178,64916.7238
withdrawal,4,1179,43849.3391
deposit,10,1180,33658.1732
deposit,5,1181,32777.4549
deposit,8,1182,5510.5149
deposit,8,1183,14927.9860
deposit,9,1184,79497.5612
withdrawal,6,1185,4514.7139
deposit,5,1186,70098.8750
withdrawal,9,1187,21093.5215
deposit,1,1188,69801.7753
withdrawal,12,1189,64829.6704
deposit,8,1190,55628.0419
deposit,3,1191,78714.0891
deposit,0,1192,85878.1500
deposit,5,1193,43429.5878
deposit,1,1194,11305.7599
deposit,9,1195,70426.6051
withdrawal,8,1196,16442.3389
withdrawal,15,1197,36467.9202
withdrawal,14,1198,28788.5104
withdrawal,10,1199,7652.6416
deposit,4,1200,40628.1972
deposit,13,1201,48540.4981
deposit,4,1202,5533.4024
withdrawal,15,1203,78629.6282
deposit,1,1204,51153.2368
deposit,3,1205,27958.1549
deposit,7,1206,47893.6662
withdrawal,6,1207,28225.1204
deposit,0,1208,950.1779
withdrawal,4,1209,17306.2847
dispute,6,257,
chargeback,6,257,
deposit,13,1212,57422.2711
deposit,15,1213,5706.8521
withdrawal,5,1214,10307.5405
deposit,15,1215,24919.9278
withdrawal,5,1216,73765.0933
withdrawal,15,1217,60450.5874
deposit,8,1218,45761.4242
deposit,10,1219,61877.9740
deposit,7,1220,23302.0666
deposit,6,1221,43271.3715
withdrawal,6,1222,49230.7989
deposit,13,1223,1671.6979
deposit,0,1224,69131.9812
deposit,6,1225,94338.3773
withdrawal,0,1226,28328.5152
deposit,10,1227,42444.2758
deposit,6,1228,65022.5123
withdrawal,4,1229,84003.6901
withdrawal,10,1230,21470.1577
withdrawal,5,1231,16102.0178
withdrawal,13,1232,34046.3888
deposit,11,1233,87720.3088
withdrawal,0,1234,30635.7649
deposit,4,1235,18894.8967
deposit,2,1236,52740.7479
withdrawal,9,1237,32981.7585
deposit,8,1238,44602.8401
deposit,3,1239,19265.6011
deposit,6,1240,14586.9635
deposit,7,1241,81684.0874
withdrawal,2,1242,38096.8026
withdrawal,3,1243,73430.6723
withdrawal,14,1244,51500.2229
withdrawal,13,1245,662.3762
deposit,7,1246,78275.5884
withdrawal,6,1247,23699.2501
deposit,12,1248,78752.0214
withdrawal,7,1249,67827.7509
withdrawal,8,1250,23919.6742
withdrawal,7,1251,4263.7543
deposit,7,1252,73561.1231
deposit,13,1253,50675.8799
deposit,3,1254,68092.8723
withdrawal,8,1255,13342.5817
withdrawal,0,1256,53334.3824
withdrawal,2,1257,60920.1664
withdrawal,4,1258,1485.5217
dispute,12,104,
deposit,3,1260,22236.8381
withdrawal,13,1261,61152.8615
deposit,12,1262,1985.6278
withdrawal,14,1263,16146.4936
withdrawal,3,1264,58149.7561
withdrawal,7,1265,96677.8565
deposit,1,1266,75251.8799
deposit,14,1267,80775.3726
withdrawal,11,1268,81940.6071
withdrawal,15,1269,65877.3083
deposit,6,1270,16134.0101
deposit,1,1271,94875.9728
withdrawal,4,1272,63867.8733
deposit,3,1273,14945.0661
deposit,13,1274,46829.3114
withdrawal,11,1275,12346.9798
deposit,4,1276,83352.3004
deposit,2,1277,68523.6096
withdrawal,10,1278,51120.1340
deposit,12,1279,6524.8575
withdrawal,1,1280,99348.0947
withdrawal,7,1281,23920.0536
deposit,3,1282,16970.6605
deposit,14,1283,32805.3821
withdrawal,0,1284,16450.0162
withdrawal,10,1285,83536.6463
deposit,3,1286,94477.9296
withdrawal,3,1287,62571.7402
withdrawal,14,1288,37884.8131
deposit,0,1289,8277.8581
deposit,5,1290,95979.7621
deposit,4,1291,87113.8853
deposit,2,1292,5787.9852
withdrawal,8,1293,6773.1582
withdrawal,5,1294,78451.6991
deposit,12,1295,50187.1721
deposit,9,1296,31745.1693
deposit,7,1297,68699.9028
withdrawal,10,1298,47441.2495
withdrawal,5,1299,97188.6421
deposit,3,1300,10209.2158
deposit,3,1301,57845.8581
withdrawal,14,1302,37606.6105
withdrawal,6,1303,46481.2068
deposit,0,1304,65236.7544
withdrawal,0,1305,44259.0658
withdrawal,4,1306,28832.2951
withdrawal,1,1307,90266.8022
deposit,5,1308,46179.9102
withdrawal,2,1309,85223.8961
withdrawal,3,1310,67502.9559
withdrawal,7,1311,33399.3165
withdrawal,2,1312,5553.2043
withdrawal,0,1313,19688.1974
deposit,14,1314,85505.3683
withdrawal,4,1315,5280.9589
deposit,13,1316,8463.2984
deposit,12,1317,91880.6257
withdrawal,10,1318,70568.6370
deposit,10,1319,49042.7710
deposit,1,1320,91557.8307
withdrawal,8,1321,87680.2705
resolve,4,1015,
deposit,12,1324,8149.5349
withdrawal,6,1325,13994.1614
withdrawal,10,1326,91175.0412
deposit,6,1327,97946.3196
deposit,7,1328,92162.0899
deposit,15,1329,55937.7376
withdrawal,8,1330,95355.6818
withdrawal,14,1331,41302.9681
withdrawal,5,1332,3541.8412
withdrawal,13,1333,63275.4779
deposit,7,1334,34085.9115
deposit,10,1335,20698.1673
withdrawal,12,1336,21009.8923
deposit,9,1337,81678.1953
withdrawal,12,1338,13741.3661
deposit,3,1339,48234.1119
withdrawal,4,1340,59032.8165
withdrawal,12,1341,59319.1171
deposit,1,1342,37086.4860
deposit,2,1343,23682.4223
withdrawal,9,1344,84757.6840
withdrawal,10,1345,54197.9404
deposit,10,1346,66863.3556
withdrawal,6,1347,16679.7018
withdrawal,13,1348,78716.1486
withdrawal,14,1349,80233.5068
withdrawal,6,1350,51653.4354
deposit,11,1351,91968.7009
deposit,1,1352,771.2744
withdrawal,13,1353,65543.4590
withdrawal,7,1354,28479.8327
withdrawal,14,1355,3562.7357
deposit,1,1356,30268.5304
deposit,10,1357,34233.4851
deposit,9,1358,78412.2633
deposit,11,1359,7441.5469
deposit,3,1360,15770.0452
deposit,15,1361,62821.3868
withdrawal,14,1362,59719.6488
withdrawal,6,1363,90036.4701
deposit,5,1364,93579.4006
deposit,11,1365,358.0490
withdrawal,10,1366,421.2187
withdrawal,0,1367,51908.7684
withdrawal,8,1368,28649.2938
withdrawal,14,1369,93389.2144
deposit,2,1370,52005.0231
withdrawal,2,1371,36029.1936
deposit,0,1372,14568.8755
deposit,4,1373,6288.4361
deposit,15,1374,35624.0145
deposit,7,1375,50091.4314
withdrawal,0,1376,9718.8673
deposit,13,1377,20684.4650
withdrawal,1,1378,58987.4358
deposit,14,1379,19580.4601
deposit,6,1380,2340.7929
deposit,6,1381,27775.1529
withdrawal,6,1382,57814.7210
withdrawal,3,1383,57605.2608
withdrawal,11,1384,99441.0738
deposit,8,1385,58382.8622
dispute,0,0,
chargeback,0,0,
deposit,13,1388,34894.4615
withdrawal,13,1389,38418.9326
deposit,9,1390,5027.3345
withdrawal,12,1391,44662.6058
withdrawal,3,1392,35121.1076
deposit,11,1393,3803.9429
withdrawal,12,1394,2469.7943
withdrawal,2,1395,7805.0087
deposit,3,1396,18142.8473
deposit,1,1397,88623.4695
withdrawal,12,1398,2072.4605
withdrawal,6,1399,87233.7020
deposit,0,1400,86890.0205
withdrawal,6,1401,34311.6579
withdrawal,15,1402,45733.9575
withdrawal,7,1403,96944.8819
withdrawal,4,1404,53306.9824
withdrawal,4,1405,90357.5783
deposit,0,1406,53735.9157
withdrawal,12,1407,64659.1834
withdrawal,3,1408,20326.3299
withdrawal,4,1409,83647.9016
withdrawal,7,1410,83476.8736
withdrawal,5,1411,54784.4097
deposit,0,1412,23621.1472
withdrawal,11,1413,37609.5931
withdrawal,4,1414,3572.4649
deposit,14,1415,90912.3297
deposit,3,1416,31331.1203
withdrawal,4,1417,31357.2660
withdrawal,0,1418,23648.8880
deposit,14,1419,10314.9751
withdrawal,10,1420,37345.9260
dispute,15,321,
deposit,11,1422,94207.5532
deposit,13,1423,26874.0232
withdrawal,5,1424,60368.1890
deposit,3,1425,74831.8532
withdrawal,15,1426,51237.3387
deposit,12,1427,62352.4680
deposit,11,1428,54820.6144
withdrawal,9,1429,5175.5658
deposit,13,1430,86257.8152
deposit,3,1431,47396.6218
deposit,5,1432,78149.0039
deposit,13,1433,42905.5483
withdrawal,1,1434,98815.5021
deposit,14,1435,75230.9997
withdrawal,7,1436,75974.7061
withdrawal,6,1437,94029.3399
withdrawal,2,1438,30300.8484
withdrawal,13,1439,18375.6981
deposit,14,1440,66311.3247
withdrawal,12,1441,98109.1183
deposit,13,1442,2480.6879
withdrawal,8,1443,13284.1630
deposit,13,1444,98909.5624
deposit,5,1445,96804.3696
deposit,5,1446,9073.7501
deposit,9,1447,33614.3589
deposit,5,1448,96976.9704
deposit,1,1449,26572.9364
deposit,9,1450,65619.8786
withdrawal,15,1451,59449.8919
deposit,15,1452,6894.3270
withdrawal,2,1453,7708.1706
deposit,8,1454,25971.7737
withdrawal,12,1455,5426.7877
deposit,12,1456,49059.2317
withdrawal,14,1457,58212.3256
deposit,3,1458,22321.9614
deposit,13,1459,86321.5517
withdrawal,10,1460,54990.8751
withdrawal,14,1461,26651.9876
withdrawal,5,1462,41097.9135
deposit,9,1463,99639.1554
deposit,13,1464,67005.7465
withdrawal,5,1465,38405.0984
deposit,10,1466,6122.2423
deposit,9,1467,71955.8085
deposit,10,1468,59072.9682
withdrawal,2,1469,78957.9367
deposit,7,1470,82157.9588
withdrawal,0,1471,62794.7509
deposit,14,1472,13659.7143
withdrawal,1,1473,78648.8050
withdrawal,4,1474,40977.0683
deposit,9,1475,11717.0814
withdrawal,11,1476,76939.6673
deposit,10,1477,29521.1944
deposit,1,1478,57982.9870
deposit,1,1479,1549.9883
withdrawal,8,1480,99880.1350
deposit,11,1481,8558.4436
deposit,14,1482,6512.9634
withdrawal,13,1483,34028.2025
deposit,9,1484,46875.3626
deposit,6,1485,56896.4037
deposit,4,1486,90361.3919
withdrawal,0,1487,13579.4556
deposit,10,1488,56194.4765
withdrawal,0,1489,4467.6271
withdrawal,7,1490,36795.4239
withdrawal,2,1491,53559.4695
deposit,2,1492,78682.1533
withdrawal,1,1493,75470.0872
withdrawal,6,1494,27681.7562
deposit,3,1495,58432.5725
deposit,14,1496,60639.7216
withdrawal,1,1497,24651.6040
withdrawal,12,1498,60288.6339
withdrawal,2,1499,11374.5970
deposit,6,1500,73653.1313
withdrawal,2,1501,47333.0021
deposit,5,1502,56662.6146
withdrawal,0,1503,17689.0857
withdrawal,8,1504,47642.9261
withdrawal,15,1505,83446.8332
withdrawal,8,1506,18544.5038
withdrawal,12,1507,33047.2970
deposit,8,1508,10440.5364
deposit,5,1509,62393.9953
withdrawal,11,1510,9737.5895
deposit,1,1511,51574.3476
withdrawal,15,1512,41978.3893
withdrawal,15,1513,14708.3915
deposit,9,1514,15762.7735
withdrawal,8,1515,39561.3840
withdrawal,12,1516,32604.3160
deposit,5,1517,61023.9260
withdrawal,3,1518,74310.4059
withdrawal,1,1519,35171.7644
deposit,6,1520,2008.1557
withdrawal,2,1521,18151.6738
withdrawal,7,1522,72341.5110
withdrawal,13,1523,36528.0514
deposit,8,1524,65504.4077
withdrawal,6,1525,89044.6372
deposit,12,1526,6278.9944
withdrawal,4,1527,35854.9479
deposit,9,1528,41865.4961
withdrawal,12,1529,46020.1941
deposit,6,1530,57956.9526
withdrawal,4,1531,69407.4914
deposit,9,1532,41621.7913
withdrawal,9,1533,78671.0902
deposit,15,1534,60947.6584
deposit,10,1535,55357.0670
deposit,3,1536,37816.4028
deposit,10,1537,80759.8230
deposit,6,1538,44195.2721
deposit,5,1539,29787.9339
withdrawal,15,1540,14678.7716
withdrawal,2,1541,40339.3296
withdrawal,4,1542,75655.6367
dispute,11,893,
deposit,15,1544,44499.7572
deposit,5,1545,42119.8345
deposit,5,1546,21401.6777
withdrawal,12,1547,92491.4788
deposit,9,1548,85181.6648
withdrawal,10,1549,53314.9872
deposit,1,1550,17610.0376
deposit,4,1551,19124.9365
withdrawal,15,1552,73441.3665
withdrawal,9,1553,47131.6214
deposit,0,1554,61342.4789
withdrawal,4,1555,17437.1134
deposit,11,1556,21857.5245
deposit,0,1557,48950.6882
withdrawal,1,1558,36062.3192
deposit,13,1559,31633.8973
deposit,10,1560,69780.2230
deposit,3,1561,8219.9797
deposit,5,1562,26184.5886
deposit,6,1563,93518.5096
deposit,15,1564,59380.5943
withdrawal,15,1565,30855.0231
deposit,9,1566,2018.5156
deposit,6,1567,83833.9829
withdrawal,2,1568,80931.6012
deposit,14,1569,48560.1646
withdrawal,0,1570,63916.5123
deposit,9,1571,312.3319
deposit,0,1572,57724.2847
deposit,15,1573,28963.3048
deposit,11,1574,94792.4630
withdrawal,3,1575,12344.9380
deposit,11,1576,39674.7355
deposit,10,1577,1120.3361
withdrawal,10,1578,11590.9879
withdrawal,13,1579,15147.6701
deposit,14,1580,3837.7205
deposit,2,1581,1092.4602
withdrawal,11,1582,147.2432
withdrawal,6,1583,18430.9719
withdrawal,10,1584,62359.3736
deposit,0,1585,23741.5715
withdrawal,13,1586,95242.8843
withdrawal,12,1587,93601.7141
withdrawal,4,1588,39258.5970
withdrawal,13,1589,42221.1823
deposit,12,1590,81502.2809
deposit,6,1591,13770.7486
deposit,5,1592,17250.9619
deposit,10,1593,73129.4023
withdrawal,4,1594,52290.3949
deposit,1,1595,55858.2407
withdrawal,13,1596,96224.5461
deposit,6,1597,18600.6339
withdrawal,12,1598,38424.5581
deposit,14,1599,8373.9951
deposit,9,1600,29098.4951
withdrawal,11,1601,67193.4115
withdrawal,0,1602,7629.0028
deposit,6,1603,36783.2195
deposit,5,1604,87657.9601
deposit,3,1605,82083.9485
withdrawal,0,1606,38056.6180
withdrawal,5,1607,52097.3408
deposit,11,1608,57373.6707
deposit,2,1609,7497.2674
deposit,7,1610,28979.8947
withdrawal,15,1611,45732.5956
withdrawal,12,1612,86764.3247
deposit,3,1613,78421.7949
withdrawal,8,1614,10722.4147
withdrawal,10,1615,12548.6863
withdrawal,13,1616,27782.8265
deposit,1,1617,27811.8749
deposit,7,1618,32857.3407
withdrawal,13,1619,9788.5564
deposit,12,1620,56942.2488
withdrawal,13,1621,7165.5958
withdrawal,10,1622,62031.4129
withdrawal,9,1623,36503.3241
withdrawal,14,1624,2547.0036
withdrawal,2,1625,29390.1459
withdrawal,15,1626,79784.2729
deposit,11,1627,42067.3092
deposit,5,1628,83755.5444
withdrawal,0,1629,87916.5355
withdrawal,2,1630,77358.9801
withdrawal,2,1631,95391.1581
withdrawal,11,1632,73392.8677
deposit,7,1633,64770.0085
withdrawal,1,1634,36688.8587
withdrawal,1,1635,8114.9182
deposit,14,1636,62657.6142
deposit,0,1637,86727.3263
withdrawal,3,1638,8757.2186
deposit,7,1639,6727.8928
withdrawal,9,1640,9744.6713
deposit,8,1641,20141.5462
deposit,12,1642,1228.3491
deposit,3,1643,42158.0610
withdrawal,0,1644,66315.3571
deposit,12,1645,64720.3639
deposit,12,1646,37279.9824
deposit,1,1647,77947.5997
withdrawal,11,1648,60142.9082
deposit,12,1649,87941.7993
withdrawal,8,1650,79162.3996
deposit,0,1651,72179.6511
withdrawal,0,1652,83991.7438
withdrawal,10,1653,12475.5687
withdrawal,4,1654,45030.9341
withdrawal,1,1655,37148.0644
withdrawal,15,1656,13750.0706
deposit,9,1657,5237.6020
withdrawal,9,1658,11825.5223
withdrawal,15,1659,99235.9732
deposit,7,1660,27773.7945
deposit,13,1661,84882.1970
withdrawal,0,1662,82331.1780
withdrawal,15,1663,23375.7264
withdrawal,6,1664,78674.6035
deposit,12,1665,33127.1605
withdrawal,12,1666,33030.7788
withdrawal,13,1667,72047.6639
withdrawal,4,1668,65359.5802
deposit,4,1669,3931.7611
withdrawal,9,1670,57581.8057
deposit,12,1671,14613.7985
resolve,15,161,
withdrawal,4,1674,27443.1071
deposit,3,1675,2953.3461
deposit,15,1676,83584.4825
deposit,9,1677,14132.4932
withdrawal,2,1678,13914.6315
withdrawal,8,1679,11382.7674
withdrawal,11,1680,32747.0341
withdrawal,0,1681,95655.2347
withdrawal,2,1682,84018.0851
withdrawal,8,1683,67836.7430
withdrawal,13,1684,29915.7540
withdrawal,3,1685,59748.2505
withdrawal,9,1686,50290.1279
withdrawal,9,1687,65143.9813
deposit,9,1688,79644.3563
withdrawal,8,1689,75569.0419
withdrawal,5,1690,71293.3483
withdrawal,6,1691,47948.6210
deposit,10,1692,71639.8725
deposit,8,1693,42267.0271
withdrawal,13,1694,17353.8064
deposit,1,1695,36471.8020
deposit,4,1696,98033.1435
withdrawal,6,1697,35187.4525
withdrawal,5,1698,44751.6049
withdrawal,15,1699,26398.9340
withdrawal,6,1700,39725.2877
deposit,3,1701,27482.7627
withdrawal,0,1702,37581.0725
withdrawal,1,1703,72541.4755
deposit,12,1704,2069.7940
deposit,6,1705,86357.9323
deposit,14,1706,74113.0404
deposit,0,1707,20525.5456
deposit,7,1708,49486.4532
deposit,9,1709,33586.7538
withdrawal,12,1710,11448.6249
deposit,15,1711,55219.5678
deposit,7,1712,9337.1774
deposit,5,1713,64816.9767
deposit,9,1714,20709.0967
withdrawal,15,1715,87230.0098
withdrawal,9,1716,16812.3243
deposit,5,1717,84258.9849
withdrawal,5,1718,92100.6899
deposit,4,1719,79327.5380
withdrawal,14,1720,94647.1122
deposit,15,1721,81190.2740
withdrawal,10,1722,42216.7751
withdrawal,9,1723,91038.2337
withdrawal,11,1724,35494.5564
deposit,1,1725,81302.9567
deposit,14,1726,90752.4195
withdrawal,12,1727,97038.5601
deposit,11,1728,37630.6950
withdrawal,3,1729,89132.7225
withdrawal,6,1730,62644.9414
deposit,6,1731,49958.3019
deposit,15,1732,79033.9016
deposit,7,1733,41884.8838
deposit,12,1734,88731.7596
withdrawal,6,1735,20798.2510
dispute,2,268,
chargeback,2,268,
deposit,9,1738,30520.3769
deposit,5,1739,66242.0615
withdrawal,12,1740,60920.4137
withdrawal,11,1741,6138.2379
withdrawal,7,1742,18368.3335
withdrawal,13,1743,68729.5600
deposit,10,1744,4061.3563
deposit,15,1745,27320.9832
deposit,9,1746,34567.6919
withdrawal,10,1747,2099.8107
withdrawal,14,1748,40166.5122
deposit,15,1749,19883.5388
deposit,4,1750,17280.3428
deposit,4,1751,45784.1092
withdrawal,5,1752,56262.5785
deposit,11,1753,64522.0210
deposit,7,1754,12797.6659
withdrawal,10,1755,57101.0879
withdrawal,7,1756,91527.2890
withdrawal,6,1757,97559.3170
withdrawal,7,1758,3246.0271
deposit,14,1759,9061.2870
deposit,0,1760,8033.3436
deposit,4,1761,66252.0410
withdrawal,0,1762,14823.1906
deposit,4,1763,36147.8247
withdrawal,15,1764,12014.7757
deposit,0,1765,99946.7169
withdrawal,0,1766,4634.1906
withdrawal,11,1767,22482.8688
deposit,3,1768,31257.2203
withdrawal,14,1769,34836.1020
withdrawal,4,1770,52249.6303
deposit,14,1771,46279.9046
withdrawal,6,1772,31365.3452
deposit,4,1773,87436.0389
withdrawal,5,1774,75713.0335
deposit,7,1775,65864.8080
deposit,1,1776,40901.4051
withdrawal,4,1777,33723.4907
withdrawal,8,1778,45900.1607
deposit,11,1779,44791.4166
deposit,13,1780,90875.4003
withdrawal,3,1781,67318.2158
deposit,9,1782,10051.9970
deposit,9,1783,52415.9063
deposit,4,1784,19825.1718
withdrawal,12,1785,15924.1941
deposit,11,1786,74233.5853
deposit,1,1787,64476.2837
withdrawal,9,1788,22136.9286
deposit,8,1789,32635.3126
deposit,4,1790,2259.9233
deposit,9,1791,4970.1956
deposit,2,1792,75694.4040
deposit,14,1793,98159.0918
deposit,15,1794,79622.3521
deposit,10,1795,68589.0338
withdrawal,6,1796,43277.4531
deposit,10,1797,72718.5757
withdrawal,15,1798,45048.2184
deposit,0,1799,94806.7010
deposit,12,1800,24912.9791
withdrawal,8,1801,23822.2389
deposit,13,1802,50275.8144
withdrawal,13,1803,34997.7656
deposit,14,1804,26025.0370
deposit,0,1805,53323.8697
deposit,0,1806,84324.1513
withdrawal,12,1807,6021.9943
dispute,0,1111,
withdrawal,10,1809,97883.7352
withdrawal,4,1810,57220.8110
deposit,7,1811,50786.9105
deposit,2,1812,81166.2117
deposit,5,1813,86019.3147
deposit,12,1814,69474.7221
deposit,0,1815,46043.3782
deposit,5,1816,19357.7231
deposit,11,1817,82323.1369
deposit,12,1818,6018.2287
deposit,0,1819,78712.0308
withdrawal,5,1820,85515.6135
withdrawal,0,1821,46230.0814
deposit,5,1822,51676.5311
withdrawal,13,1823,12456.6595
deposit,4,1824,64618.8568
deposit,8,1825,74245.9831
withdrawal,0,1826,9302.2925
withdrawal,8,1827,79188.4675
deposit,5,1828,28748.9146
withdrawal,2,1829,10480.6508
deposit,0,1830,83406.6025
deposit,14,1831,5474.5721
deposit,9,1832,30385.6076
deposit,12,1833,36116.7709
deposit,9,1834,93008.7815
withdrawal,0,1835,20338.0548
withdrawal,3,1836,30204.9837
withdrawal,6,1837,8939.2745
withdrawal,8,1838,40388.5440
withdrawal,9,1839,34384.4236
withdrawal,13,1840,67038.7235
deposit,8,1841,17275.6390
withdrawal,14,1842,76022.8930
deposit,0,1843,98489.7867
withdrawal,10,1844,11090.7096
deposit,13,1845,11684.0662
withdrawal,11,1846,37738.4061
withdrawal,14,1847,42579.2462
withdrawal,11,1848,3462.1450
deposit,8,1849,2739.1846
withdrawal,14,1850,5683.5020
withdrawal,9,1851,27605.7278
withdrawal,3,1852,32049.7553
deposit,7,1853,60782.2323
withdrawal,4,1854,43164.0505
withdrawal,4,1855,77625.7665
withdrawal,14,1856,16824.7208
deposit,7,1857,25751.0582
withdrawal,6,1858,54253.2087
deposit,13,1859,627.7015
deposit,14,1860,9080.4621
withdrawal,12,1861,62130.5233
withdrawal,9,1862,5689.0211
deposit,5,1863,42193.8742
deposit,11,1864,60845.9456
deposit,11,1865,64603.9672
deposit,12,1866,60532.7412
withdrawal,15,1867,26462.0260
withdrawal,12,1868,43421.9868
withdrawal,8,1869,54911.9892
withdrawal,3,1870,12216.5319
deposit,10,1871,34548.5783
deposit,8,1872,20765.6310
withdrawal,2,1873,48067.0043
withdrawal,14,1874,80763.8125
withdrawal,4,1875,26961.4299
withdrawal,2,1876,38286.5369
withdrawal,4,1877,94937.4998
withdrawal,3,1878,4710.7195
deposit,2,1879,26349.4663
withdrawal,4,1880,34698.6316
deposit,4,1881,97733.0464
withdrawal,5,1882,27681.2136
deposit,4,1883,13100.7219
withdrawal,15,1884,1615.9449
withdrawal,5,1885,59511.4433
deposit,6,1886,27769.5346
withdrawal,14,1887,68785.1592
deposit,15,1888,81279.5564
withdrawal,2,1889,90724.8149
withdrawal,10,1890,78326.4479
withdrawal,6,1891,8947.4061
deposit,10,1892,82678.9489
withdrawal,1,1893,10474.7452
withdrawal,7,1894,1330.1882
withdrawal,8,1895,12117.0042
deposit,12,1896,54043.5538
withdrawal,15,1897,77004.9078
withdrawal,10,1898,1296.9808
deposit,3,1899,47370.5379
withdrawal,10,1900,61295.4747
deposit,12,1901,74722.0492
deposit,4,1902,54660.6750
deposit,5,1903,38262.1194
dispute,8,1266,
deposit,15,1905,83109.7733
withdrawal,2,1906,43574.0964
deposit,10,1907,55391.0794
withdrawal,14,1908,60461.1983
dispute,8,1077,
chargeback,8,1077,
withdrawal,10,1911,26861.5070
deposit,7,1912,31032.3481
deposit,7,1913,62777.8985
deposit,12,1914,62687.4152
withdrawal,6,1915,26573.0224
withdrawal,0,1916,5579.5431
withdrawal,0,1917,58374.6436
withdrawal,7,1918,24231.3415
withdrawal,6,1919,10892.1222
withdrawal,4,1920,87821.2789
deposit,10,1921,51524.1592
deposit,1,1922,16861.3477
withdrawal,14,1923,38118.9458
deposit,1,1924,72346.1967
deposit,9,1925,24482.6698
withdrawal,15,1926,9227.7186
deposit,15,1927,3004.5289
deposit,8,1928,32537.2991
deposit,8,1929,95192.1426
deposit,0,1930,5767.9193
withdrawal,12,1931,53234.2148
deposit,3,1932,54554.4049
withdrawal,4,1933,96661.1496
deposit,1,1934,79298.0327
deposit,9,1935,17400.3887
deposit,0,1936,99209.5672
withdrawal,3,1937,60204.7975
deposit,8,1938,19787.2502
deposit,15,1939,4764.1612
deposit,6,1940,13222.6356
withdrawal,1,1941,91043.6831
deposit,0,1942,32638.6175
deposit,2,1943,69884.0481
withdrawal,6,1944,45170.2903
deposit,5,1945,6193.9923
withdrawal,11,1946,8860.7366
deposit,7,1947,36434.2869
withdrawal,1,1948,84756.8936
withdrawal,14,1949,92492.7642
withdrawal,4,1950,14940.4162
deposit,13,1951,67568.1975
withdrawal,1,1952,45364.2385
withdrawal,14,1953,25183.9332
withdrawal,6,1954,77501.1363
deposit,6,1955,34291.3628
withdrawal,0,1956,97327.2460
withdrawal,2,1957,58275.3984
deposit,2,1958,50037.8508
withdrawal,12,1959,3807.8979
withdrawal,7,1960,38120.9447
withdrawal,9,1961,66973.0400
withdrawal,5,1962,91737.8963
deposit,3,1963,69387.3826
deposit,2,1964,22732.7862
withdrawal,4,1965,17304.2705
withdrawal,7,1966,83905.9092
deposit,5,1967,68707.6583
withdrawal,15,1968,41787.0045
withdrawal,8,1969,29582.6003
deposit,9,1970,28542.6104
withdrawal,15,1971,7053.7420
withdrawal,6,1972,2081.4916
deposit,11,1973,9833.3764
deposit,11,1974,74990.1554
withdrawal,12,1975,67811.1202
deposit,11,1976,28669.4001
withdrawal,4,1977,22711.1345
withdrawal,12,1978,70719.7479
deposit,1,1979,43312.5041
withdrawal,13,1980,1984.1647
deposit,10,1981,267.8592
withdrawal,15,1982,92824.0125
deposit,10,1983,74382.6266
deposit,2,1984,18341.6520
withdrawal,6,1985,31975.7752
withdrawal,0,1986,84773.1239
withdrawal,3,1987,28963.5849
withdrawal,11,1988,30519.1824
withdrawal,3,1989,72098.3203
withdrawal,5,1990,94346.1461
withdrawal,12,1991,1078.1535
deposit,14,1992,92233.1976
deposit,7,1993,18064.6704
deposit,15,1994,11030.4058
deposit,12,1995,27228.0985
resolve,8,1955,
withdrawal,3,1998,96154.1862
deposit,1,1999,40524.1726
deposit,5,2000,68823.6984
deposit,0,2001,54455.8516
withdrawal,5,2002,31722.1402
deposit,9,2003,62380.9879
withdrawal,5,2004,76278.1362
deposit,6,2005,16249.8387
deposit,5,2006,66837.5048
deposit,0,2007,99421.8179
withdrawal,15,2008,59705.7646
deposit,4,2009,95320.9285
deposit,14,2010,5777.2518
deposit,9,2011,61613.1738
withdrawal,8,2012,9128.4327
deposit,4,2013,22741.0028
withdrawal,2,2014,20655.4163
deposit,15,2015,55999.2357
deposit,1,2016,20337.3660
deposit,10,2017,47627.4029
deposit,2,2018,25014.5244
deposit,12,2019,41099.5242
withdrawal,9,2020,35629.0341
deposit,10,2021,63445.3683
deposit,5,2022,40143.9669
deposit,1,2023,38361.5490
withdrawal,7,2024,36632.4226
withdrawal,2,2025,29428.8625
deposit,10,2026,84226.0591
withdrawal,2,2027,54190.9723
withdrawal,9,2028,57408.7388
deposit,3,2029,7636.8324
deposit,0,2030,24231.5708
deposit,0,2031,60583.1341
deposit,5,2032,96038.5233
deposit,10,2033,83965.3948
withdrawal,1,2034,4273.7195
withdrawal,8,2035,62639.8128
withdrawal,7,2036,52771.3668
deposit,9,2037,84733.6826
deposit,4,2038,50531.3375
withdrawal,14,2039,35587.5044
deposit,11,2040,42075.8747
deposit,12,2041,74137.9026
deposit,10,2042,1903.2664
deposit,15,2043,14843.7452
withdrawal,1,2044,54912.5161
deposit,0,2045,30949.1883
deposit,4,2046,23083.0600
deposit,2,2047,86347.3732
deposit,2,2048,61484.6996
withdrawal,14,2049,6928.4519
deposit,2,2050,49275.5401
deposit,2,2051,65728.5863
deposit,0,2052,10300.8067
deposit,14,2053,17016.4143
withdrawal,0,2054,41186.7985
withdrawal,4,2055,70554.1556
deposit,2,2056,19552.1711
withdrawal,12,2057,17809.9501
deposit,6,2058,96317.3040
withdrawal,8,2059,73635.1911
withdrawal,3,2060,11602.5817
deposit,3,2061,1718.1860
deposit,2,2062,6281.7516
deposit,9,2063,93638.5647
deposit,13,2064,5814.2013
deposit,8,2065,7299.7226
withdrawal,11,2066,84621.6398
deposit,0,2067,30696.4794
deposit,12,2068,97470.7226
withdrawal,15,2069,73412.6875
deposit,0,2070,74249.8583
deposit,7,2071,79605.5227
withdrawal,15,2072,19146.3274
withdrawal,6,2073,9960.8722
deposit,2,2074,34980.9935
withdrawal,6,2075,45153.2055
withdrawal,13,2076,97072.2136
withdrawal,4,2077,41189.5632
withdrawal,0,2078,1786.2017
dispute,1,903,
deposit,9,2080,65119.4513
withdrawal,6,2081,77408.5365
deposit,14,2082,74141.8205
deposit,0,2083,59045.9125
